Image URL,Alt Text
"https://encrypted-tbn0.gstatic.com/images?q=tbn:ANd9GcRk6MK9KHOxVJk3SiII3Jvsp_d5y1iO4Zcsw0ox_Aqq5cT42F9ZBZyK2O5uew&s","  Cappuccino Coffee Pictures...  Cappuccino Coffee Pictures...unsplash.com"
"https://encrypted-tbn0.gstatic.com/images?q=tbn:ANd9GcT5dPvImWmJmM1ov02qc6swphi1kqfBMdz1D2Ro17Q0wvh-8IsdmEF5TKrvmw&s","  How Did Chicory Become the...  How Did Chicory Become the...www.goya.in"
"https://encrypted-tbn0.gstatic.com/images?q=tbn:ANd9GcS2LIs_ZksUSjEoSRrqqgoAiyHN8NiIwKlUD7omDj8yXrfd6S2zLmEVTotg7hk&s","  10 Benefits Of Consuming...  10 Benefits Of Consuming...www.ndtv.com"
"https://encrypted-tbn0.gstatic.com/images?q=tbn:ANd9GcTSoY4UW8XSnUhrsSU-rN3qh_dCmO4J4-63Ei5WNsA09kpwH9nOsyGF4JC1qjI&s","  Coffee - Wikipedia  Coffee - Wikipediaen.wikipedia.org"
"https://encrypted-tbn0.gstatic.com/images?q=tbn:ANd9GcRdfEW7vqmygn2UKYoWs5PjN6N6Cw4pcJTyOE4L1rldtAFdYc5_R2QBSCsTdw&s","  The South Indian Filter...  The South Indian Filter...homegrown.co.in"
"https://encrypted-tbn0.gstatic.com/images?q=tbn:ANd9GcR6E62ZABFPKynXSkg4DKaZABIj-Y4SGqq4ydJShUJQOi_PkySRgOROViHG8A&s","  Pros and Cons of drinking...  Pros and Cons of drinking...www.spectrumhealth.ie"
"https://encrypted-tbn0.gstatic.com/images?q=tbn:ANd9GcTt4Bc08KbvbJbwDzFM93f6RgL7bBqJAOwuWrSu2LwfVTsGa8vswDQbjySQd34&s","  Selecting the Right Coffee...  Selecting the Right Coffee...www.royalcupcoffee.com"
"https://encrypted-tbn0.gstatic.com/images?q=tbn:ANd9GcQkvdVFxc5lfnbyl_swR6thGdShrn4qWkjZQv9gwx4VGcOaLwL5HOAy7kgVtZw&s","  Coffee Drink Photos,...  Coffee Drink Photos,...www.pexels.com"
"https://encrypted-tbn0.gstatic.com/images?q=tbn:ANd9GcSjLLk3TNdbJx0sfGgQyXoq90X9MIKMmZzBtK7QRGOiiRy0-Tq9nXyZ-LTMy48&s","  Drink your coffee, but only...  Drink your coffee, but only...indianexpress.com"
"https://encrypted-tbn0.gstatic.com/images?q=tbn:ANd9GcTaMkL6X1o2-xoVaHn6f6Jyr53rz_A_VEsUUG1wL1ZH-zKMdwRN6o4hY_jVSYU&s","  Coffee Beans: Where Do They...  Coffee Beans: Where Do They...www.nescafe.com"
"https://encrypted-tbn0.gstatic.com/images?q=tbn:ANd9GcTgSyQ9wq1_aW3YVTTZQixQyq13xBdaEuIsZnB4uo8XqXmWG5D7NbC1yVLdW9o&s","  Coffee Recipe, How to make...  Coffee Recipe, How to make...vaya.in"
"https://encrypted-tbn0.gstatic.com/images?q=tbn:ANd9GcS4Is4l1TcQ6o_-G8B4ijbZ1CFhz_Yoh-pvFDq2-7ZzqVPVhCzRfnpwrf-Kq5o&s","  The best coffee drinks for...  The best coffee drinks for...erudus.com"
"https://encrypted-tbn0.gstatic.com/images?q=tbn:ANd9GcQpVNeNWuxy6kzuMLgIoudIlkZHyj1u-IltwRb9sCxjGkEjNLEfxX3KWtJfiw&s","  Coffee recipes | Good Food  Coffee recipes | Good Foodwww.bbcgoodfood.com"
"https://encrypted-tbn0.gstatic.com/images?q=tbn:ANd9GcQ3s5KFDGMdm_LnBoLWrX0Yt8jd1ZEcPxdYL1uYQAdIX6DtwSTbAycdep9TBK8&s","  Coffee bean - Wikipedia  Coffee bean - Wikipediaen.wikipedia.org"
"https://encrypted-tbn0.gstatic.com/images?q=tbn:ANd9GcRT-5zYtAYCtksu3PeD1YeaNauOCbrFy81e1L9pkebFadGv3tltVSSPTY_quWM&s","  Types of Coffee and Their...  Types of Coffee and Their...www.health.com"
"https://encrypted-tbn0.gstatic.com/images?q=tbn:ANd9GcRn5y0t9tl3ody7TYl7k5xY7WBZ_bF1aQcHG1HFGGM8hwWRSrL7k0S1dWNVjw&s","  Arabica P Berry Grade...  Arabica P Berry Grade...www.indiamart.com"
"https://encrypted-tbn0.gstatic.com/images?q=tbn:ANd9GcTsx8XdZFXt2CERzHJTsesru_c-EmsDZSGE4x8lHMJo0jON4Aiu2UuTJ17xtXo&s","  Mocha Coffee Recipe, How to...  Mocha Coffee Recipe, How to...www.asknestle.in"
"https://encrypted-tbn0.gstatic.com/images?q=tbn:ANd9GcQZvFEnoeBA2AqpwhVw_9bYK1xVpIsGjTFLcMp3uRJo9m0AqS6GjZBENAf8JzA&s","  A Coffee Guide: Creative...  A Coffee Guide: Creative...corkframes.com"
"https://encrypted-tbn0.gstatic.com/images?q=tbn:ANd9GcQ8VGjA_Q3tCvatLdja5H9M4mg1yIn3yb_gPm690Ok6lYyJ_WSNqZl1ge0Qtc8&s","  How to Make Perfect Coffee...  How to Make Perfect Coffee...www.nescafe.com"
"https://encrypted-tbn0.gstatic.com/images?q=tbn:ANd9GcQJVad32PldUli2avJMSnbzC-_I_7HlbAnKOyqaur5lfNAph7_nrSuEgRikhw&s","  Filter Coffee Recipe |...  Filter Coffee Recipe |...www.sharmispassions.com"